title,source,url,summarized_text,talking_points
YouTube will let musicians and actors request takedowns of their deepfakes,reddit,https://www.engadget.com/youtube-will-let-musicians-and-actors-request-takedowns-of-their-deepfakes-131533866.html,"YouTube has announced new policies to combat the misuse of AI and deepfakes. Musicians, actors, and their representatives will now be able to request the removal of AI-generated content that simulates their voice or appearance. YouTube will evaluate these requests based on whether they are satire or if the individual can be uniquely identified. Additionally, YouTube will introduce clearer labeling for content created using AI. The policies come as deepfakes continue to spread and the company aims to provide transparency and protect the rights of public figures.","Talking points:

1. YouTube announces new policies to combat misuse of AI and deepfakes.
2. Musicians, actors, and representatives can request removal of AI-generated content simulating their voice or appearance.
3. YouTube will evaluate requests based on satire and individual identification.
4. Clearer labeling for content created using AI will be introduced on YouTube.
5. Policies aim to provide transparency and protect rights of public figures.

Note: These talking points are summaries based on the given article and may have some information loss."
Samsung details ‘Galaxy AI’ and a feature that can translate phone calls in real time,news,https://www.theverge.com/2023/11/8/23953198/samsung-galaxy-ai-live-translate-call,"Samsung is introducing ""a new era of Galaxy AI"" to its smartphones, which will include a feature called ""AI Live Translate Call"" that can translate phone calls in real time. The translations will appear as both audio and text on the device while the call is happening. Samsung's Galaxy AI and the live translation feature are expected to be available early next year, possibly with the launch of the Galaxy S24 lineup of smartphones. AI-powered features are becoming increasingly important for smartphone makers, with Google and Apple also investing in AI technology.","1. Samsung is bringing a new era of Galaxy AI to smartphones, with advanced AI-powered features set to enhance user experiences.
2. One innovative feature, ""AI Live Translate Call,"" will enable real-time translation of phone calls, presenting translations as both audio and text on the device.
3. The live translation feature is expected to be available early next year, possibly coinciding with the release of Samsung's Galaxy S24 lineup of smartphones.
4. Samsung joins Google and Apple in recognizing the growing significance of AI in the smartphone industry, with all three companies actively investing in AI technology.
5. With the introduction of AI-powered features, Samsung aims to stay at the forefront of smartphone innovation, providing users with cutting-edge capabilities that simplify communication and expand global connectivity."
SpaceX Launched REAL UFO In ISRAEL! HAMAS And Iran Shocked!,youtube,https://youtube.com/watch?v=KXuH3wc35YA,Unable to summarize.,No talking points available.
